Bad,Maybe
AS_10_20C,AS_10_28C
AS_10_32C,AS_11_14C
AS_13_14C,AS_11_28C
AS_14_22C,AS_15_14C
AS_17_22C,AS_16_14C
AS_2_14C,AS_16_16C
AS_2_18C,AS_17_24C
AS_4_22C,AS_4_20C
AS_5_22C,AS_6_18C
AS_8_28C,AS_7_14C
BLANK_16C_C,AS_7_16C
BLANK_20C_A,AS_8_14C
ML_18_32C,AS_8_16C
ML_17_24C,AS_8_22C
ML_12_20C,AS_9_14C
ML_12_16C,BLANK_14C
ML_9_16C,BLANK_18C_D
ML_9_14C,ML_18_26C
ML_7_16C,ML_18_20C
BLANK_28C_B,ML_18_14C
ML_12_16C,ML_17_22C
,ML_15_16C
,ML_13_16C
,ML_13_14C
,ML_10_22C
,ML_7_20C
,ML_6_14C
,ML_4_16C
,ML_3_14C
